<resources>
  <style name="AppTheme" parent="Theme.AppCompat.Light.NoActionBar">
    <item name="android:textColor">@android:color/black</item>
    <item name="android:editTextStyle">@style/ResetEditText</item>
    <item name="android:windowFullscreen">true</item>
    <item name="android:windowTranslucentNavigation">true</item>

  </style>
  <style name="ResetEditText" parent="@android:style/Widget.EditText">
    <item name="android:padding">0dp</item>
    <item name="android:textColorHint">#c8c8c8</item>
    <item name="android:textColor">@android:color/black</item>
    <item name="android:windowFullscreen">true</item>

  </style>
  <style name="Theme.App.SplashScreen" parent="Theme.AppCompat.Light.NoActionBar">
    <!-- Below line is handled by '@expo/configure-splash-screen' command and it's discouraged to modify it manually -->
    <item name="android:windowBackground">@drawable/splashscreen</item>
    <item name="android:windowFullscreen">true</item>
    <item name="android:windowTranslucentNavigation">true</item>

    <!-- Customize your splash screen theme here -->
  </style>
</resources>
